slice_id,avg_cqi,avg_sinr,total_dl_demand_bytes,total_ul_demand_bytes,total_prbs_allocated
eMBB,7.955882352941177,10.143881861093071,3436407,2043369,837
URLLC,7.81203007518797,10.207166725755634,3379498,2111485,862
mMTC,8.007633587786259,10.627787545892119,3228730,1909214,801
